               epoch,      train/box_loss,      train/obj_loss,      train/cls_loss,   metrics/precision,      metrics/recall,     metrics/mAP_0.5,metrics/mAP_0.5:0.95,        val/box_loss,        val/obj_loss,        val/cls_loss,               x/lr0,               x/lr1,               x/lr2
                   0,             0.11415,            0.029748,                   0,             0.13778,              0.1519,            0.078537,             0.01161,            0.093389,            0.022377,                   0,              0.0865,              0.0015,              0.0015
                   1,            0.085504,            0.025119,                   0,              0.4022,              0.3038,             0.27913,            0.056444,            0.082001,            0.017789,                   0,            0.072094,           0.0030939,           0.0030939
                   2,            0.074014,            0.020674,                   0,             0.53736,             0.31646,             0.32206,            0.091585,            0.079022,             0.02004,                   0,            0.057681,           0.0046814,           0.0046814
                   3,            0.069527,              0.0177,                   0,             0.19183,             0.25316,             0.12857,            0.043111,            0.076567,            0.014122,                   0,            0.043263,           0.0062626,           0.0062626
                   4,            0.067496,            0.018797,                   0,             0.30047,             0.46835,             0.34599,             0.14228,            0.060994,            0.014371,                   0,            0.028837,           0.0078374,           0.0078374
                   5,            0.062338,            0.020163,                   0,             0.26288,             0.54624,             0.33485,             0.16498,            0.056253,            0.013018,                   0,            0.014406,           0.0094059,           0.0094059
                   6,            0.064617,             0.01952,                   0,             0.32523,             0.50633,             0.35996,             0.17503,             0.05688,            0.012852,                   0,           0.0098812,           0.0098812,           0.0098812
                   7,            0.052354,            0.017688,                   0,             0.51162,             0.60759,             0.55967,             0.26861,            0.051752,            0.011748,                   0,           0.0098812,           0.0098812,           0.0098812
                   8,            0.052633,            0.015945,                   0,              0.6074,             0.65823,             0.64438,             0.31373,            0.050707,           0.0090645,                   0,           0.0098614,           0.0098614,           0.0098614
                   9,            0.048802,            0.015559,                   0,             0.68846,             0.79747,             0.68353,             0.37308,            0.043361,           0.0085607,                   0,           0.0098416,           0.0098416,           0.0098416
                  10,            0.046683,            0.014135,                   0,             0.77195,             0.68561,             0.79277,             0.44565,            0.039513,           0.0080342,                   0,           0.0098218,           0.0098218,           0.0098218
                  11,            0.039648,            0.014524,                   0,             0.83817,             0.78481,             0.85266,             0.56902,            0.032286,           0.0076853,                   0,            0.009802,            0.009802,            0.009802
                  12,            0.037719,            0.013384,                   0,             0.81742,             0.79345,             0.87553,              0.5668,            0.030423,           0.0068066,                   0,           0.0097822,           0.0097822,           0.0097822
                  13,             0.03505,            0.011913,                   0,             0.77931,             0.87342,             0.89536,             0.52389,            0.032621,            0.006425,                   0,           0.0097624,           0.0097624,           0.0097624
                  14,            0.037648,            0.012167,                   0,             0.75207,             0.93671,             0.88613,             0.57608,            0.029156,           0.0063606,                   0,           0.0097426,           0.0097426,           0.0097426
                  15,            0.033985,            0.011006,                   0,             0.90207,             0.81013,             0.92063,             0.60268,            0.027154,           0.0063872,                   0,           0.0097228,           0.0097228,           0.0097228
                  16,            0.032482,            0.010363,                   0,             0.88284,             0.88608,             0.92964,             0.66855,            0.027158,           0.0060197,                   0,            0.009703,            0.009703,            0.009703
                  17,            0.030568,            0.011207,                   0,             0.90991,             0.88608,             0.94112,             0.69417,            0.023847,           0.0056263,                   0,           0.0096832,           0.0096832,           0.0096832
                  18,            0.032072,           0.0090638,                   0,             0.92833,             0.92405,             0.93876,             0.64504,            0.026948,           0.0055854,                   0,           0.0096634,           0.0096634,           0.0096634
                  19,            0.035395,           0.0099097,                   0,             0.94585,             0.92405,             0.95409,             0.65688,            0.023939,           0.0055156,                   0,           0.0096436,           0.0096436,           0.0096436
                  20,            0.031791,           0.0090195,                   0,             0.93903,             0.89873,             0.94524,             0.66615,             0.02309,           0.0055658,                   0,           0.0096238,           0.0096238,           0.0096238
                  21,            0.031042,            0.009158,                   0,             0.92491,             0.92405,             0.95638,             0.71783,            0.023817,           0.0052435,                   0,            0.009604,            0.009604,            0.009604
                  22,            0.028298,           0.0087303,                   0,             0.90355,             0.91139,             0.94857,             0.73391,            0.023798,           0.0052104,                   0,           0.0095842,           0.0095842,           0.0095842
                  23,            0.026894,           0.0087396,                   0,             0.89047,             0.92622,              0.9441,             0.75336,            0.022534,           0.0050048,                   0,           0.0095644,           0.0095644,           0.0095644
                  24,            0.025281,           0.0080834,                   0,             0.93556,              0.9189,             0.93834,             0.73415,            0.022448,           0.0050135,                   0,           0.0095446,           0.0095446,           0.0095446
                  25,            0.027646,           0.0080433,                   0,             0.89091,             0.93041,             0.94187,             0.70249,            0.022126,            0.005034,                   0,           0.0095248,           0.0095248,           0.0095248
                  26,             0.03066,           0.0085512,                   0,             0.90824,             0.91139,             0.94416,             0.69592,            0.022591,           0.0049543,                   0,            0.009505,            0.009505,            0.009505
                  27,            0.029148,           0.0084522,                   0,             0.88987,             0.93671,             0.93693,             0.68132,            0.023069,              0.0048,                   0,           0.0094852,           0.0094852,           0.0094852
                  28,            0.026079,           0.0080826,                   0,             0.91586,             0.88608,             0.94705,             0.70557,            0.020579,           0.0049455,                   0,           0.0094654,           0.0094654,           0.0094654
                  29,            0.029103,           0.0081186,                   0,             0.90826,             0.92405,             0.94187,             0.73858,            0.020417,           0.0049435,                   0,           0.0094456,           0.0094456,           0.0094456
                  30,            0.026683,           0.0074218,                   0,             0.89973,             0.90867,             0.93821,             0.73577,            0.019411,           0.0046396,                   0,           0.0094258,           0.0094258,           0.0094258
                  31,            0.023204,           0.0071397,                   0,             0.87045,             0.93559,             0.94118,             0.68234,            0.023949,           0.0046542,                   0,            0.009406,            0.009406,            0.009406
                  32,            0.030444,           0.0079889,                   0,             0.93302,              0.8817,             0.94256,             0.67253,            0.022546,            0.004771,                   0,           0.0093862,           0.0093862,           0.0093862
                  33,            0.025632,            0.007727,                   0,             0.90548,             0.92405,             0.94535,             0.68709,            0.020645,           0.0046423,                   0,           0.0093664,           0.0093664,           0.0093664
                  34,            0.024385,           0.0070993,                   0,             0.91281,             0.96203,             0.95305,             0.70314,            0.020941,           0.0045338,                   0,           0.0093466,           0.0093466,           0.0093466
                  35,            0.024297,           0.0076676,                   0,             0.88427,             0.94937,             0.95589,             0.79672,            0.017312,           0.0043368,                   0,           0.0093268,           0.0093268,           0.0093268
                  36,            0.023121,           0.0076187,                   0,             0.91214,             0.92405,             0.96093,             0.74292,            0.019534,           0.0043877,                   0,            0.009307,            0.009307,            0.009307
                  37,            0.024878,           0.0068441,                   0,             0.89059,             0.96203,             0.92943,             0.73669,            0.019041,           0.0046105,                   0,           0.0092872,           0.0092872,           0.0092872
                  38,            0.024104,            0.006875,                   0,             0.89239,              0.9448,             0.92708,             0.73246,            0.019982,           0.0045189,                   0,           0.0092674,           0.0092674,           0.0092674
                  39,            0.024459,           0.0069521,                   0,              0.8979,             0.96203,             0.94797,             0.74575,             0.01914,           0.0046165,                   0,           0.0092476,           0.0092476,           0.0092476
                  40,            0.023147,           0.0072714,                   0,             0.92072,             0.94937,             0.95219,             0.78551,            0.019285,           0.0044005,                   0,           0.0092278,           0.0092278,           0.0092278
                  41,            0.025349,           0.0068679,                   0,              0.9363,             0.93671,             0.94991,             0.73389,            0.019663,            0.004494,                   0,            0.009208,            0.009208,            0.009208
                  42,            0.028359,           0.0085235,                   0,              0.8938,             0.93671,             0.93795,             0.79238,            0.016703,            0.004453,                   0,           0.0091882,           0.0091882,           0.0091882
                  43,            0.025201,           0.0076153,                   0,             0.89563,             0.94937,             0.93813,             0.78526,            0.016783,           0.0044501,                   0,           0.0091684,           0.0091684,           0.0091684
                  44,            0.023026,            0.006447,                   0,             0.88979,             0.94937,             0.95295,             0.79546,            0.016399,            0.004365,                   0,           0.0091486,           0.0091486,           0.0091486
                  45,             0.02202,           0.0066672,                   0,             0.90351,             0.96203,             0.95491,             0.74262,            0.018687,           0.0043502,                   0,           0.0091288,           0.0091288,           0.0091288
                  46,            0.023409,           0.0064542,                   0,             0.92033,             0.93671,             0.94863,             0.76542,            0.018811,           0.0043176,                   0,            0.009109,            0.009109,            0.009109
                  47,            0.023295,            0.006329,                   0,             0.94826,             0.91139,             0.95975,             0.78936,            0.017387,            0.004355,                   0,           0.0090892,           0.0090892,           0.0090892
                  48,            0.022239,           0.0059039,                   0,             0.92572,             0.94657,             0.95686,             0.76624,            0.018855,           0.0044084,                   0,           0.0090694,           0.0090694,           0.0090694
                  49,            0.022158,           0.0063652,                   0,             0.94568,             0.93671,             0.95219,             0.76896,            0.018659,           0.0043266,                   0,           0.0090496,           0.0090496,           0.0090496
                  50,            0.023782,            0.006177,                   0,             0.94619,             0.93671,             0.95391,             0.78428,            0.016251,           0.0041882,                   0,           0.0090298,           0.0090298,           0.0090298
                  51,            0.020597,           0.0060171,                   0,             0.94553,             0.93671,             0.95456,             0.78631,            0.015986,           0.0040828,                   0,             0.00901,             0.00901,             0.00901
                  52,             0.02222,           0.0058163,                   0,             0.94448,             0.96203,             0.94571,             0.77221,            0.017155,           0.0044229,                   0,           0.0089902,           0.0089902,           0.0089902
                  53,            0.021546,           0.0064992,                   0,             0.93985,             0.91139,              0.9417,             0.75367,            0.018266,           0.0045971,                   0,           0.0089704,           0.0089704,           0.0089704
                  54,            0.021635,           0.0062507,                   0,             0.89852,             0.89667,             0.91635,             0.75132,            0.019576,           0.0047345,                   0,           0.0089506,           0.0089506,           0.0089506
                  55,            0.020005,           0.0063444,                   0,             0.89831,             0.92405,             0.94307,              0.7721,            0.019234,           0.0042655,                   0,           0.0089308,           0.0089308,           0.0089308
                  56,            0.021468,           0.0061556,                   0,              0.9585,             0.89873,              0.9512,             0.75945,            0.018023,           0.0043906,                   0,            0.008911,            0.008911,            0.008911
                  57,            0.022291,           0.0062982,                   0,             0.96037,             0.92038,             0.95597,             0.77599,            0.017636,           0.0043919,                   0,           0.0088912,           0.0088912,           0.0088912
                  58,            0.021097,           0.0064827,                   0,             0.93384,             0.93671,             0.95353,             0.77274,            0.017105,           0.0043015,                   0,           0.0088714,           0.0088714,           0.0088714
                  59,            0.020615,           0.0059955,                   0,             0.91429,             0.94521,              0.9542,             0.79211,            0.016427,            0.004221,                   0,           0.0088516,           0.0088516,           0.0088516
                  60,            0.019941,           0.0056504,                   0,             0.89029,             0.96203,             0.94133,              0.7564,            0.017565,           0.0043965,                   0,           0.0088318,           0.0088318,           0.0088318
                  61,            0.021404,           0.0067112,                   0,             0.90214,             0.93671,             0.94594,             0.79078,            0.016925,           0.0042081,                   0,            0.008812,            0.008812,            0.008812
                  62,            0.020197,           0.0060562,                   0,              0.9249,             0.93541,             0.95388,             0.78771,            0.017114,           0.0041174,                   0,           0.0087922,           0.0087922,           0.0087922
                  63,            0.019608,           0.0059727,                   0,             0.95789,             0.89873,             0.95677,             0.79564,            0.016345,           0.0041119,                   0,           0.0087724,           0.0087724,           0.0087724
                  64,            0.020595,            0.005781,                   0,               0.914,             0.94173,             0.96043,             0.81159,            0.016892,           0.0043124,                   0,           0.0087526,           0.0087526,           0.0087526
                  65,            0.019441,           0.0055683,                   0,             0.92078,             0.94937,             0.96637,             0.78377,            0.016494,           0.0040914,                   0,           0.0087328,           0.0087328,           0.0087328
                  66,            0.020701,             0.00545,                   0,             0.96829,             0.92405,             0.95703,             0.80723,            0.015863,           0.0040993,                   0,            0.008713,            0.008713,            0.008713
                  67,            0.020895,           0.0064846,                   0,             0.97849,             0.89873,             0.95868,             0.78506,            0.018152,           0.0040849,                   0,           0.0086932,           0.0086932,           0.0086932
                  68,            0.018437,           0.0055381,                   0,              0.9488,             0.93839,             0.95963,             0.81747,            0.016478,           0.0037701,                   0,           0.0086734,           0.0086734,           0.0086734
                  69,            0.018901,           0.0056546,                   0,             0.97662,             0.96203,             0.96334,             0.81487,             0.01554,            0.003814,                   0,           0.0086536,           0.0086536,           0.0086536
                  70,            0.017984,           0.0055685,                   0,             0.97394,             0.94611,              0.9553,              0.7893,            0.016555,           0.0041331,                   0,           0.0086338,           0.0086338,           0.0086338
                  71,            0.018563,           0.0060958,                   0,             0.97143,             0.94937,             0.95062,             0.79549,            0.015763,             0.00377,                   0,            0.008614,            0.008614,            0.008614
                  72,            0.020961,           0.0069932,                   0,             0.97344,               0.928,             0.94789,             0.75608,            0.016489,           0.0038554,                   0,           0.0085942,           0.0085942,           0.0085942
                  73,            0.017849,           0.0057871,                   0,             0.97331,             0.92405,             0.95013,             0.81331,            0.015325,           0.0039083,                   0,           0.0085744,           0.0085744,           0.0085744
                  74,            0.017854,           0.0060661,                   0,             0.97127,             0.94937,             0.96586,              0.8125,            0.015453,           0.0041786,                   0,           0.0085546,           0.0085546,           0.0085546
                  75,             0.01934,           0.0060815,                   0,             0.98416,             0.96203,               0.959,             0.81405,            0.016979,           0.0041651,                   0,           0.0085348,           0.0085348,           0.0085348
                  76,            0.020217,           0.0059736,                   0,             0.97432,             0.96064,             0.96435,             0.82094,            0.015897,            0.004004,                   0,            0.008515,            0.008515,            0.008515
                  77,            0.017187,           0.0055644,                   0,             0.98682,             0.94797,             0.97015,             0.81321,            0.016092,           0.0039299,                   0,           0.0084952,           0.0084952,           0.0084952
                  78,            0.018271,           0.0055508,                   0,             0.96977,             0.94937,             0.96496,             0.80823,            0.016226,           0.0038859,                   0,           0.0084754,           0.0084754,           0.0084754
                  79,            0.019393,           0.0056777,                   0,              0.9487,             0.93644,             0.95925,             0.82563,            0.014838,           0.0041144,                   0,           0.0084556,           0.0084556,           0.0084556
                  80,            0.018308,           0.0056215,                   0,              0.9499,             0.95999,             0.96798,             0.83433,            0.015221,           0.0038234,                   0,           0.0084358,           0.0084358,           0.0084358
                  81,            0.017557,           0.0051861,                   0,             0.93625,             0.96203,             0.96212,             0.83717,            0.014038,            0.003859,                   0,            0.008416,            0.008416,            0.008416
                  82,            0.017732,           0.0053255,                   0,             0.96987,             0.92405,             0.95852,             0.82183,            0.014942,           0.0040061,                   0,           0.0083962,           0.0083962,           0.0083962
                  83,             0.01774,           0.0053559,                   0,             0.97342,             0.92734,             0.94495,             0.82068,            0.016299,           0.0041756,                   0,           0.0083764,           0.0083764,           0.0083764
                  84,            0.018425,           0.0056997,                   0,              0.9694,             0.94937,             0.95178,              0.8178,            0.015546,           0.0041367,                   0,           0.0083566,           0.0083566,           0.0083566
                  85,            0.019099,           0.0057486,                   0,             0.93538,             0.94937,             0.94513,             0.82638,              0.0158,           0.0040487,                   0,           0.0083368,           0.0083368,           0.0083368
                  86,            0.017214,           0.0056838,                   0,             0.95498,             0.92405,             0.94537,             0.82198,            0.016453,           0.0040937,                   0,            0.008317,            0.008317,            0.008317
                  87,            0.016837,           0.0059077,                   0,             0.94849,              0.9323,             0.93745,              0.8028,             0.01753,           0.0043585,                   0,           0.0082972,           0.0082972,           0.0082972
                  88,            0.018565,           0.0054796,                   0,              0.9345,             0.94937,             0.93666,             0.82517,            0.016137,           0.0044072,                   0,           0.0082774,           0.0082774,           0.0082774
                  89,            0.020246,           0.0063682,                   0,             0.94566,             0.93671,             0.94402,             0.79939,            0.016869,           0.0040755,                   0,           0.0082576,           0.0082576,           0.0082576
                  90,            0.016772,           0.0055987,                   0,             0.93289,             0.93671,             0.94947,             0.82509,            0.016011,           0.0037614,                   0,           0.0082378,           0.0082378,           0.0082378
                  91,            0.016925,           0.0053219,                   0,             0.93349,             0.92405,             0.94139,             0.79028,            0.017456,            0.004015,                   0,            0.008218,            0.008218,            0.008218
                  92,            0.017504,            0.005254,                   0,             0.91134,             0.94937,             0.95029,             0.80351,            0.017279,           0.0040521,                   0,           0.0081982,           0.0081982,           0.0081982
                  93,            0.018397,           0.0065032,                   0,              0.9374,             0.94782,             0.95239,               0.811,             0.01656,           0.0041046,                   0,           0.0081784,           0.0081784,           0.0081784
                  94,            0.017956,           0.0059087,                   0,              0.9487,             0.93633,             0.95455,             0.81784,            0.016018,           0.0040558,                   0,           0.0081586,           0.0081586,           0.0081586
                  95,            0.016994,           0.0052057,                   0,             0.94851,             0.93671,             0.96532,             0.84261,            0.016056,           0.0038251,                   0,           0.0081388,           0.0081388,           0.0081388
                  96,            0.016667,           0.0049943,                   0,             0.94913,             0.94483,             0.96337,             0.82326,             0.01728,           0.0037707,                   0,            0.008119,            0.008119,            0.008119
                  97,            0.018796,           0.0055481,                   0,             0.96147,             0.94754,             0.96148,             0.81465,            0.017493,            0.003885,                   0,           0.0080992,           0.0080992,           0.0080992
                  98,            0.017629,           0.0052355,                   0,             0.94454,             0.94937,             0.95533,             0.83354,            0.016515,           0.0041777,                   0,           0.0080794,           0.0080794,           0.0080794
                  99,            0.017699,           0.0053214,                   0,             0.92391,             0.94937,             0.95253,             0.82851,            0.016412,           0.0040492,                   0,           0.0080596,           0.0080596,           0.0080596
                 100,            0.017193,           0.0050106,                   0,             0.93312,             0.93671,             0.95104,             0.82191,            0.016155,           0.0041977,                   0,           0.0080398,           0.0080398,           0.0080398
                 101,            0.015505,           0.0048851,                   0,             0.93001,             0.92405,             0.94618,             0.80882,            0.015636,           0.0040774,                   0,             0.00802,             0.00802,             0.00802
                 102,            0.016178,           0.0054084,                   0,             0.93658,             0.93472,             0.95318,             0.83366,            0.014844,           0.0038304,                   0,           0.0080002,           0.0080002,           0.0080002
                 103,            0.016332,           0.0051309,                   0,             0.92112,             0.93671,              0.9531,             0.82483,            0.015023,            0.003964,                   0,           0.0079804,           0.0079804,           0.0079804
                 104,            0.015789,           0.0051034,                   0,             0.95929,             0.93671,             0.94871,              0.8187,            0.014949,           0.0039465,                   0,           0.0079606,           0.0079606,           0.0079606
                 105,             0.01731,           0.0052504,                   0,             0.93313,             0.94937,             0.95934,             0.83941,            0.014593,           0.0037259,                   0,           0.0079408,           0.0079408,           0.0079408
                 106,            0.017588,           0.0054202,                   0,             0.92683,             0.96199,             0.96242,              0.8308,            0.014745,           0.0036713,                   0,            0.007921,            0.007921,            0.007921
                 107,            0.015948,           0.0049826,                   0,             0.93876,             0.97022,             0.95577,             0.81918,            0.014937,           0.0036491,                   0,           0.0079012,           0.0079012,           0.0079012
                 108,             0.01582,           0.0047894,                   0,             0.94254,             0.94937,             0.96204,             0.82996,            0.014755,           0.0037388,                   0,           0.0078814,           0.0078814,           0.0078814
                 109,            0.017408,           0.0056564,                   0,             0.94981,             0.95815,             0.96331,             0.83936,            0.014118,           0.0037448,                   0,           0.0078616,           0.0078616,           0.0078616
                 110,            0.017712,           0.0055186,                   0,             0.96145,             0.94715,             0.97085,             0.83553,             0.01523,           0.0038338,                   0,           0.0078418,           0.0078418,           0.0078418
                 111,            0.015989,           0.0049625,                   0,             0.93825,             0.93671,             0.96221,             0.83254,            0.014148,           0.0039062,                   0,            0.007822,            0.007822,            0.007822
                 112,            0.014895,           0.0049506,                   0,             0.94857,             0.93671,             0.95613,             0.81737,            0.014229,           0.0038278,                   0,           0.0078022,           0.0078022,           0.0078022
                 113,            0.014761,           0.0050627,                   0,             0.95069,             0.92405,             0.95968,             0.83675,            0.014575,           0.0039811,                   0,           0.0077824,           0.0077824,           0.0077824
                 114,             0.01706,           0.0056732,                   0,             0.95703,             0.93671,             0.95605,             0.84276,            0.014758,           0.0041504,                   0,           0.0077626,           0.0077626,           0.0077626
                 115,            0.013989,           0.0047793,                   0,             0.96984,             0.91139,             0.96076,             0.82334,            0.015376,           0.0038901,                   0,           0.0077428,           0.0077428,           0.0077428
                 116,            0.017026,           0.0051148,                   0,             0.95947,             0.92405,             0.96444,             0.83659,            0.013788,           0.0038301,                   0,            0.007723,            0.007723,            0.007723
                 117,            0.015734,           0.0049326,                   0,             0.91309,             0.94937,             0.96314,             0.84042,            0.013799,           0.0036955,                   0,           0.0077032,           0.0077032,           0.0077032
                 118,            0.015583,           0.0051397,                   0,             0.94778,             0.93671,              0.9625,             0.83666,            0.014017,           0.0036166,                   0,           0.0076834,           0.0076834,           0.0076834
                 119,            0.015834,           0.0048246,                   0,             0.94981,             0.95821,              0.9611,             0.84359,            0.013888,            0.003919,                   0,           0.0076636,           0.0076636,           0.0076636
                 120,            0.016934,           0.0050696,                   0,             0.92607,             0.96203,             0.96535,             0.84475,            0.013323,           0.0036314,                   0,           0.0076438,           0.0076438,           0.0076438
                 121,            0.015668,           0.0051763,                   0,             0.91384,             0.97468,             0.94806,             0.82145,            0.013694,           0.0036635,                   0,            0.007624,            0.007624,            0.007624
                 122,            0.015974,           0.0055007,                   0,             0.91555,             0.96068,              0.9503,             0.82006,            0.013786,           0.0037023,                   0,           0.0076042,           0.0076042,           0.0076042
                 123,            0.017487,           0.0054827,                   0,             0.93092,             0.93671,             0.94302,             0.79827,            0.015166,           0.0039962,                   0,           0.0075844,           0.0075844,           0.0075844
                 124,            0.014964,           0.0058841,                   0,             0.90327,             0.94566,             0.94556,             0.82547,            0.014795,           0.0041815,                   0,           0.0075646,           0.0075646,           0.0075646
                 125,            0.015274,           0.0050128,                   0,             0.92119,             0.92405,             0.94837,             0.81913,            0.014903,           0.0038431,                   0,           0.0075448,           0.0075448,           0.0075448
                 126,             0.01614,           0.0054711,                   0,             0.93577,             0.93671,             0.93626,             0.80493,            0.015555,           0.0040456,                   0,            0.007525,            0.007525,            0.007525
                 127,             0.01624,           0.0053629,                   0,              0.9364,             0.94937,             0.94766,             0.82602,            0.015317,           0.0040564,                   0,           0.0075052,           0.0075052,           0.0075052
                 128,            0.013728,           0.0050092,                   0,             0.95994,             0.91008,             0.95528,             0.84275,            0.014323,           0.0038746,                   0,           0.0074854,           0.0074854,           0.0074854
                 129,            0.015777,           0.0046971,                   0,             0.91106,             0.94937,              0.9538,             0.82085,            0.015498,           0.0037269,                   0,           0.0074656,           0.0074656,           0.0074656
                 130,            0.015052,           0.0052113,                   0,             0.89318,             0.96203,             0.93323,             0.82068,            0.014681,           0.0037403,                   0,           0.0074458,           0.0074458,           0.0074458
                 131,            0.014979,           0.0046163,                   0,             0.92434,             0.92795,             0.94252,              0.8131,            0.015703,           0.0038983,                   0,            0.007426,            0.007426,            0.007426
                 132,            0.014157,            0.004915,                   0,             0.94855,             0.93352,             0.95193,             0.82799,            0.015941,           0.0039309,                   0,           0.0074062,           0.0074062,           0.0074062
                 133,             0.01638,           0.0050589,                   0,             0.95986,             0.93671,             0.95565,              0.8206,            0.015563,           0.0039768,                   0,           0.0073864,           0.0073864,           0.0073864
                 134,            0.016455,            0.005091,                   0,             0.93646,              0.9329,             0.95423,             0.82383,            0.016253,           0.0040471,                   0,           0.0073666,           0.0073666,           0.0073666
                 135,            0.014817,           0.0050839,                   0,              0.9315,             0.91139,             0.94368,             0.84332,             0.01486,           0.0041854,                   0,           0.0073468,           0.0073468,           0.0073468
                 136,             0.01404,            0.004974,                   0,             0.90245,             0.93685,             0.93433,             0.81298,              0.0146,           0.0042854,                   0,            0.007327,            0.007327,            0.007327
                 137,            0.015198,           0.0054257,                   0,             0.92379,             0.94937,             0.94096,             0.81323,            0.015158,           0.0040568,                   0,           0.0073072,           0.0073072,           0.0073072
                 138,            0.016583,            0.005207,                   0,             0.93726,             0.94547,             0.94561,             0.81744,            0.015704,           0.0040124,                   0,           0.0072874,           0.0072874,           0.0072874
                 139,            0.015586,           0.0047977,                   0,             0.93601,             0.96203,             0.95847,             0.83667,             0.01513,           0.0037997,                   0,           0.0072676,           0.0072676,           0.0072676
                 140,            0.015964,           0.0054787,                   0,             0.92396,             0.94937,             0.95799,             0.84422,            0.013897,           0.0038757,                   0,           0.0072478,           0.0072478,           0.0072478
                 141,            0.013848,           0.0043983,                   0,              0.9372,             0.96203,             0.96169,             0.83699,             0.01488,           0.0037881,                   0,            0.007228,            0.007228,            0.007228
                 142,            0.014272,           0.0049517,                   0,             0.93691,             0.94937,              0.9653,             0.83785,            0.014828,           0.0036295,                   0,           0.0072082,           0.0072082,           0.0072082
                 143,             0.01443,           0.0048551,                   0,             0.91555,             0.96065,             0.96659,             0.84524,            0.014759,           0.0036628,                   0,           0.0071884,           0.0071884,           0.0071884
                 144,            0.015304,           0.0046677,                   0,             0.93358,             0.94937,             0.96368,             0.85315,            0.014154,           0.0035543,                   0,           0.0071686,           0.0071686,           0.0071686
                 145,            0.015255,           0.0055839,                   0,             0.92327,             0.94937,              0.9557,             0.84283,            0.014693,           0.0038358,                   0,           0.0071488,           0.0071488,           0.0071488
                 146,            0.013053,           0.0046516,                   0,             0.91379,             0.96203,             0.94642,             0.83627,            0.014819,           0.0038778,                   0,            0.007129,            0.007129,            0.007129
                 147,            0.015069,           0.0048716,                   0,             0.93353,             0.96203,             0.95285,             0.83086,            0.014739,           0.0037999,                   0,           0.0071092,           0.0071092,           0.0071092
                 148,            0.013318,           0.0042736,                   0,             0.91355,             0.96203,             0.94756,             0.82426,            0.014114,           0.0036206,                   0,           0.0070894,           0.0070894,           0.0070894
                 149,            0.014342,           0.0050834,                   0,             0.90328,             0.96203,             0.94433,             0.83528,            0.013762,           0.0035278,                   0,           0.0070696,           0.0070696,           0.0070696
                 150,            0.012785,           0.0046611,                   0,             0.90454,             0.97468,             0.95738,             0.83558,            0.014303,           0.0035074,                   0,           0.0070498,           0.0070498,           0.0070498
                 151,            0.014745,           0.0047413,                   0,             0.92724,             0.96796,             0.96424,             0.85591,            0.014091,           0.0034128,                   0,             0.00703,             0.00703,             0.00703
                 152,            0.014109,           0.0048319,                   0,             0.93804,             0.95816,             0.96743,             0.85917,            0.014144,           0.0035313,                   0,           0.0070102,           0.0070102,           0.0070102
                 153,            0.014674,           0.0051305,                   0,             0.92759,             0.97302,             0.96665,             0.86057,            0.014375,           0.0034948,                   0,           0.0069904,           0.0069904,           0.0069904
                 154,             0.01356,           0.0050792,                   0,             0.91663,             0.97422,             0.96708,              0.8644,            0.014016,           0.0034861,                   0,           0.0069706,           0.0069706,           0.0069706
                 155,            0.014073,           0.0046653,                   0,             0.91742,             0.98446,             0.96746,             0.86146,            0.013888,            0.003337,                   0,           0.0069508,           0.0069508,           0.0069508
                 156,            0.015926,           0.0049609,                   0,             0.93969,             0.98607,             0.97125,             0.85746,            0.014047,           0.0034265,                   0,            0.006931,            0.006931,            0.006931
                 157,            0.014182,           0.0043015,                   0,             0.93902,             0.97466,             0.97072,             0.85366,            0.013799,            0.003413,                   0,           0.0069112,           0.0069112,           0.0069112
                 158,            0.014716,           0.0047371,                   0,             0.92479,             0.97468,             0.96847,             0.86012,            0.013074,           0.0034903,                   0,           0.0068914,           0.0068914,           0.0068914
                 159,            0.014081,           0.0055312,                   0,             0.95037,             0.96958,             0.96208,              0.8658,            0.013628,           0.0035668,                   0,           0.0068716,           0.0068716,           0.0068716
                 160,             0.01333,            0.004227,                   0,             0.95036,              0.9695,             0.96091,             0.85575,            0.013499,           0.0035347,                   0,           0.0068518,           0.0068518,           0.0068518
                 161,            0.014399,           0.0056902,                   0,             0.93679,             0.97468,             0.96466,             0.86346,            0.013393,           0.0034028,                   0,            0.006832,            0.006832,            0.006832
                 162,            0.013093,           0.0047209,                   0,             0.93818,             0.96203,              0.9679,             0.84683,            0.013858,           0.0034526,                   0,           0.0068122,           0.0068122,           0.0068122
                 163,            0.013866,           0.0048023,                   0,             0.95851,             0.96203,             0.96802,             0.85863,            0.013952,           0.0034525,                   0,           0.0067924,           0.0067924,           0.0067924
                 164,            0.012481,           0.0041289,                   0,             0.95915,             0.96203,              0.9641,             0.84115,             0.01379,           0.0033877,                   0,           0.0067726,           0.0067726,           0.0067726
                 165,            0.014594,           0.0045921,                   0,             0.94992,             0.96038,             0.96079,             0.84012,            0.013943,            0.003388,                   0,           0.0067528,           0.0067528,           0.0067528
                 166,            0.013293,           0.0045702,                   0,             0.94865,             0.94937,             0.95904,             0.84385,            0.013382,           0.0032421,                   0,            0.006733,            0.006733,            0.006733
                 167,            0.013446,           0.0043967,                   0,             0.93177,             0.96203,             0.95319,             0.83861,             0.01415,           0.0033706,                   0,           0.0067132,           0.0067132,           0.0067132
                 168,            0.012243,           0.0044508,                   0,             0.94818,             0.93671,             0.96554,             0.84056,            0.013983,            0.003599,                   0,           0.0066934,           0.0066934,           0.0066934
                 169,            0.012801,           0.0045788,                   0,             0.93728,             0.94592,              0.9671,             0.85653,            0.013413,           0.0034626,                   0,           0.0066736,           0.0066736,           0.0066736
                 170,            0.015184,           0.0049977,                   0,             0.94062,             0.93671,             0.96234,             0.85347,            0.013812,           0.0035238,                   0,           0.0066538,           0.0066538,           0.0066538
                 171,            0.014895,           0.0052545,                   0,             0.93365,             0.93671,             0.95996,             0.83868,            0.013797,           0.0035129,                   0,            0.006634,            0.006634,            0.006634
                 172,            0.013028,           0.0038252,                   0,             0.90464,             0.96071,             0.96319,             0.85891,            0.013605,           0.0036341,                   0,           0.0066142,           0.0066142,           0.0066142
                 173,            0.013795,           0.0044833,                   0,             0.88639,             0.96203,             0.96037,              0.8611,             0.01393,            0.003602,                   0,           0.0065944,           0.0065944,           0.0065944
                 174,             0.01286,           0.0045445,                   0,             0.91281,             0.92769,             0.96596,             0.85987,            0.013719,           0.0035656,                   0,           0.0065746,           0.0065746,           0.0065746
                 175,            0.014093,           0.0050209,                   0,             0.92728,             0.97468,              0.9715,             0.88551,            0.013024,           0.0033696,                   0,           0.0065548,           0.0065548,           0.0065548
                 176,            0.012661,           0.0051854,                   0,              0.9156,             0.96123,             0.96879,             0.87346,            0.013361,           0.0034463,                   0,            0.006535,            0.006535,            0.006535
                 177,            0.013824,           0.0047138,                   0,             0.91653,             0.97299,             0.97049,             0.85957,            0.013322,           0.0033902,                   0,           0.0065152,           0.0065152,           0.0065152
                 178,            0.011921,             0.00417,                   0,             0.93333,             0.96203,             0.96921,             0.85808,            0.013522,           0.0034397,                   0,           0.0064954,           0.0064954,           0.0064954
                 179,            0.014138,           0.0047892,                   0,             0.91381,             0.96203,             0.96764,              0.8496,            0.013604,           0.0035543,                   0,           0.0064756,           0.0064756,           0.0064756
                 180,            0.013328,           0.0046003,                   0,             0.93038,             0.96203,             0.96794,             0.86842,            0.013257,           0.0036088,                   0,           0.0064558,           0.0064558,           0.0064558
                 181,             0.01163,           0.0044973,                   0,             0.92651,             0.94937,             0.97008,             0.85748,            0.013667,            0.003495,                   0,            0.006436,            0.006436,            0.006436
                 182,            0.012838,           0.0043491,                   0,             0.95786,             0.96203,             0.97147,             0.86412,            0.013597,           0.0033001,                   0,           0.0064162,           0.0064162,           0.0064162
                 183,            0.014012,           0.0046486,                   0,             0.95002,             0.96244,             0.96971,             0.85233,            0.014345,            0.003215,                   0,           0.0063964,           0.0063964,           0.0063964
                 184,            0.014101,           0.0045574,                   0,             0.94351,             0.97468,             0.97374,             0.86054,             0.01429,           0.0031426,                   0,           0.0063766,           0.0063766,           0.0063766
                 185,            0.012446,           0.0043857,                   0,             0.95039,             0.96996,              0.9718,             0.87025,            0.013448,           0.0031359,                   0,           0.0063568,           0.0063568,           0.0063568
                 186,            0.012838,             0.00416,                   0,             0.95117,             0.98638,             0.97017,             0.86406,            0.014345,           0.0032538,                   0,            0.006337,            0.006337,            0.006337
                 187,            0.013497,           0.0045214,                   0,             0.96246,             0.97351,             0.96611,             0.85738,             0.01397,           0.0033717,                   0,           0.0063172,           0.0063172,           0.0063172
                 188,            0.012279,           0.0048688,                   0,             0.96029,             0.97468,             0.96835,             0.88432,            0.013188,           0.0032745,                   0,           0.0062974,           0.0062974,           0.0062974
                 189,            0.012574,           0.0043214,                   0,             0.94499,             0.96203,             0.97296,             0.86907,            0.013725,           0.0033257,                   0,           0.0062776,           0.0062776,           0.0062776
                 190,            0.013559,           0.0043299,                   0,             0.92583,             0.97468,             0.97064,             0.86555,            0.014107,           0.0035749,                   0,           0.0062578,           0.0062578,           0.0062578
                 191,            0.013212,           0.0046301,                   0,             0.95792,             0.94937,             0.96934,             0.85362,            0.014116,           0.0034072,                   0,            0.006238,            0.006238,            0.006238
                 192,            0.013037,           0.0041163,                   0,             0.91652,             0.97278,             0.96852,             0.86998,            0.014349,           0.0035723,                   0,           0.0062182,           0.0062182,           0.0062182
                 193,            0.014895,           0.0042875,                   0,              0.9429,             0.93671,             0.97007,              0.8571,            0.014788,           0.0034317,                   0,           0.0061984,           0.0061984,           0.0061984
                 194,            0.012802,           0.0045072,                   0,             0.94222,             0.94937,             0.97028,             0.86054,             0.01491,           0.0033894,                   0,           0.0061786,           0.0061786,           0.0061786
                 195,             0.01233,           0.0043895,                   0,             0.94476,             0.94937,             0.96573,             0.86296,            0.014534,           0.0033762,                   0,           0.0061588,           0.0061588,           0.0061588
                 196,            0.013336,            0.004523,                   0,             0.94335,             0.94937,              0.9629,             0.85197,            0.014063,           0.0034264,                   0,            0.006139,            0.006139,            0.006139
                 197,            0.011432,            0.003651,                   0,              0.9262,             0.95317,             0.96463,             0.85428,            0.013857,           0.0034325,                   0,           0.0061192,           0.0061192,           0.0061192
                 198,            0.011892,           0.0039645,                   0,             0.91559,             0.96109,             0.96779,             0.84881,            0.014195,           0.0033819,                   0,           0.0060994,           0.0060994,           0.0060994
                 199,            0.013207,           0.0042063,                   0,             0.91441,             0.94672,             0.96437,              0.8642,            0.014203,           0.0034166,                   0,           0.0060796,           0.0060796,           0.0060796
                 200,            0.012876,            0.004928,                   0,             0.94547,             0.93671,             0.96662,             0.85912,            0.013808,           0.0032473,                   0,           0.0060598,           0.0060598,           0.0060598
                 201,            0.011848,           0.0044523,                   0,             0.93556,             0.93671,             0.96528,             0.85717,            0.013498,           0.0032414,                   0,             0.00604,             0.00604,             0.00604
                 202,            0.011919,           0.0041203,                   0,             0.91576,             0.96328,             0.97024,             0.86628,            0.013197,           0.0033176,                   0,           0.0060202,           0.0060202,           0.0060202
                 203,            0.012066,           0.0044408,                   0,             0.96096,             0.93486,             0.96897,             0.85989,            0.013716,           0.0035913,                   0,           0.0060004,           0.0060004,           0.0060004
                 204,            0.013176,           0.0044637,                   0,             0.96148,             0.94787,             0.96659,             0.86266,            0.013731,           0.0035629,                   0,           0.0059806,           0.0059806,           0.0059806
                 205,            0.013707,           0.0045867,                   0,             0.95044,             0.97112,             0.96416,             0.85956,            0.013554,           0.0035182,                   0,           0.0059608,           0.0059608,           0.0059608
                 206,            0.012822,           0.0041667,                   0,             0.92633,             0.97468,             0.96621,             0.85443,            0.013762,           0.0032975,                   0,            0.005941,            0.005941,            0.005941
                 207,            0.012051,           0.0041885,                   0,              0.9131,             0.96203,             0.96186,             0.84969,            0.013437,           0.0034248,                   0,           0.0059212,           0.0059212,           0.0059212
                 208,            0.012519,           0.0044805,                   0,             0.94184,             0.92405,             0.95709,             0.85503,            0.013315,           0.0036194,                   0,           0.0059014,           0.0059014,           0.0059014
                 209,            0.012118,            0.004272,                   0,             0.94524,             0.92405,             0.95673,             0.86508,            0.013485,           0.0036387,                   0,           0.0058816,           0.0058816,           0.0058816
                 210,            0.011838,           0.0044628,                   0,             0.93505,             0.91116,             0.94971,             0.84908,            0.013861,           0.0039488,                   0,           0.0058618,           0.0058618,           0.0058618
                 211,            0.012511,           0.0047431,                   0,             0.94159,             0.89873,             0.94671,             0.84845,            0.014203,           0.0040145,                   0,            0.005842,            0.005842,            0.005842
                 212,            0.014112,           0.0044678,                   0,             0.91403,             0.94207,             0.94831,             0.83561,            0.014573,           0.0038199,                   0,           0.0058222,           0.0058222,           0.0058222
                 213,            0.011849,           0.0036409,                   0,             0.91222,             0.94937,             0.95381,             0.84853,            0.013777,           0.0036133,                   0,           0.0058024,           0.0058024,           0.0058024
                 214,            0.011797,           0.0041956,                   0,             0.92763,             0.94937,             0.94901,             0.83432,            0.013923,           0.0037308,                   0,           0.0057826,           0.0057826,           0.0057826
                 215,            0.012364,           0.0044614,                   0,             0.93611,             0.94937,              0.9573,             0.84853,            0.014353,           0.0036792,                   0,           0.0057628,           0.0057628,           0.0057628
                 216,             0.01319,           0.0047635,                   0,             0.93748,             0.94912,             0.95858,             0.84768,            0.014155,           0.0035616,                   0,            0.005743,            0.005743,            0.005743
                 217,            0.010959,           0.0039706,                   0,             0.94699,             0.94937,             0.95885,             0.85527,            0.014406,           0.0035591,                   0,           0.0057232,           0.0057232,           0.0057232
                 218,            0.010814,           0.0041548,                   0,              0.9257,             0.97468,             0.95901,             0.85253,            0.013797,           0.0033744,                   0,           0.0057034,           0.0057034,           0.0057034
                 219,            0.012104,            0.004256,                   0,             0.93771,             0.97468,             0.96197,             0.85877,            0.013813,           0.0032406,                   0,           0.0056836,           0.0056836,           0.0056836
                 220,            0.011389,           0.0044258,                   0,             0.93791,             0.97468,             0.96647,             0.86257,            0.013487,              0.0033,                   0,           0.0056638,           0.0056638,           0.0056638
                 221,            0.012304,           0.0046934,                   0,             0.94994,             0.96086,             0.96729,              0.8583,            0.013425,           0.0033301,                   0,            0.005644,            0.005644,            0.005644
                 222,             0.01238,           0.0044923,                   0,             0.92759,               0.973,             0.96787,             0.86302,            0.013521,           0.0033058,                   0,           0.0056242,           0.0056242,           0.0056242
                 223,            0.012087,           0.0047477,                   0,              0.9247,             0.97468,             0.97146,             0.87393,            0.013334,           0.0032693,                   0,           0.0056044,           0.0056044,           0.0056044
                 224,            0.011382,           0.0043361,                   0,             0.92401,             0.97468,             0.96978,             0.86585,            0.013415,           0.0032077,                   0,           0.0055846,           0.0055846,           0.0055846
                 225,            0.011297,           0.0039434,                   0,             0.93768,             0.95235,              0.9702,             0.86638,            0.012953,           0.0032418,                   0,           0.0055648,           0.0055648,           0.0055648
                 226,            0.012225,           0.0047075,                   0,             0.92578,             0.94741,             0.96909,             0.86648,            0.012568,           0.0033465,                   0,            0.005545,            0.005545,            0.005545
                 227,            0.011726,           0.0042047,                   0,             0.93734,             0.94683,             0.96253,             0.86188,            0.012783,           0.0034729,                   0,           0.0055252,           0.0055252,           0.0055252
                 228,            0.012621,           0.0049872,                   0,             0.93782,             0.95462,             0.94107,             0.83954,            0.013068,           0.0034406,                   0,           0.0055054,           0.0055054,           0.0055054
                 229,            0.011664,           0.0045505,                   0,             0.92404,             0.94937,             0.94348,             0.84654,            0.013414,           0.0035226,                   0,           0.0054856,           0.0054856,           0.0054856
                 230,            0.011541,           0.0037871,                   0,              0.9256,             0.94495,             0.95083,             0.85557,             0.01343,           0.0034732,                   0,           0.0054658,           0.0054658,           0.0054658
                 231,            0.012106,           0.0046941,                   0,             0.91295,             0.94937,              0.9553,             0.85673,            0.012611,           0.0035481,                   0,            0.005446,            0.005446,            0.005446
                 232,             0.01165,           0.0043683,                   0,             0.92657,             0.96203,             0.96198,             0.85276,              0.0132,            0.003529,                   0,           0.0054262,           0.0054262,           0.0054262
                 233,            0.010716,           0.0041029,                   0,             0.94996,             0.96123,             0.96677,             0.86638,            0.013374,           0.0033916,                   0,           0.0054064,           0.0054064,           0.0054064
                 234,            0.010543,           0.0040299,                   0,             0.93978,             0.94937,             0.97076,             0.87358,            0.013337,           0.0031763,                   0,           0.0053866,           0.0053866,           0.0053866
                 235,            0.011622,            0.003989,                   0,             0.94991,             0.96015,             0.96953,             0.86316,            0.013623,           0.0033423,                   0,           0.0053668,           0.0053668,           0.0053668
                 236,            0.011265,           0.0046148,                   0,             0.94989,             0.96203,             0.96926,             0.87263,            0.013581,           0.0033488,                   0,            0.005347,            0.005347,            0.005347
                 237,            0.011532,           0.0038351,                   0,             0.93821,             0.96102,             0.97271,             0.86946,            0.013485,           0.0034282,                   0,           0.0053272,           0.0053272,           0.0053272
                 238,            0.011276,           0.0043363,                   0,             0.92622,             0.97468,             0.97221,             0.87215,            0.013179,            0.003212,                   0,           0.0053074,           0.0053074,           0.0053074
                 239,            0.011592,            0.004269,                   0,             0.95608,             0.93671,             0.97168,             0.86934,            0.013118,           0.0032949,                   0,           0.0052876,           0.0052876,           0.0052876
                 240,             0.01088,           0.0038663,                   0,             0.92449,             0.94937,              0.9691,             0.86524,            0.013176,           0.0034115,                   0,           0.0052678,           0.0052678,           0.0052678
                 241,            0.011547,           0.0044991,                   0,             0.92414,             0.93671,             0.96486,             0.86304,            0.013109,           0.0034693,                   0,            0.005248,            0.005248,            0.005248
                 242,            0.010759,           0.0038522,                   0,             0.93666,             0.93587,             0.96342,             0.85336,            0.013209,           0.0034664,                   0,           0.0052282,           0.0052282,           0.0052282
                 243,            0.012058,           0.0042411,                   0,             0.93739,             0.94768,             0.96607,             0.86532,             0.01313,           0.0034775,                   0,           0.0052084,           0.0052084,           0.0052084
                 244,            0.011675,            0.003979,                   0,             0.93779,             0.96203,             0.96744,              0.8627,            0.013521,            0.003502,                   0,           0.0051886,           0.0051886,           0.0051886
                 245,            0.011307,            0.003937,                   0,             0.93811,             0.95931,             0.97323,             0.87658,            0.013066,           0.0034136,                   0,           0.0051688,           0.0051688,           0.0051688
                 246,            0.011299,           0.0044414,                   0,             0.93386,             0.93671,             0.97025,             0.86752,            0.012769,           0.0034335,                   0,            0.005149,            0.005149,            0.005149
                 247,            0.010419,           0.0034528,                   0,              0.9363,             0.93671,             0.96628,             0.86046,            0.012912,           0.0035133,                   0,           0.0051292,           0.0051292,           0.0051292
                 248,            0.011226,           0.0039468,                   0,              0.9254,             0.96203,              0.9698,             0.86866,            0.012964,           0.0036254,                   0,           0.0051094,           0.0051094,           0.0051094
                 249,            0.010521,           0.0040335,                   0,             0.92579,             0.94752,             0.97024,             0.86709,            0.013501,           0.0037748,                   0,           0.0050896,           0.0050896,           0.0050896
                 250,            0.011498,            0.004283,                   0,             0.92574,              0.9468,             0.96957,             0.88375,            0.012881,           0.0036416,                   0,           0.0050698,           0.0050698,           0.0050698
                 251,            0.010262,           0.0041566,                   0,             0.93746,              0.9488,             0.96825,             0.87223,            0.013156,           0.0035805,                   0,             0.00505,             0.00505,             0.00505
                 252,            0.010362,           0.0041421,                   0,             0.92578,              0.9474,             0.96967,             0.86888,            0.012825,            0.003437,                   0,           0.0050302,           0.0050302,           0.0050302
                 253,           0.0097928,           0.0036272,                   0,             0.90317,             0.97468,              0.9635,             0.86327,            0.013373,           0.0033876,                   0,           0.0050104,           0.0050104,           0.0050104
                 254,            0.011202,           0.0039875,                   0,             0.94548,             0.92405,             0.96867,             0.86344,            0.013752,           0.0035466,                   0,           0.0049906,           0.0049906,           0.0049906
                 255,            0.010634,           0.0036821,                   0,             0.92584,             0.94816,             0.96518,             0.86815,            0.013553,           0.0036883,                   0,           0.0049708,           0.0049708,           0.0049708
                 256,            0.010447,           0.0042815,                   0,             0.92383,             0.94937,             0.96651,             0.87613,            0.013545,            0.003478,                   0,            0.004951,            0.004951,            0.004951
                 257,            0.010761,           0.0042922,                   0,             0.91557,             0.96087,             0.96837,               0.863,            0.013605,           0.0034431,                   0,           0.0049312,           0.0049312,           0.0049312
                 258,            0.011209,           0.0041155,                   0,             0.92563,             0.94531,             0.96507,             0.85722,            0.013588,           0.0036857,                   0,           0.0049114,           0.0049114,           0.0049114
                 259,            0.011663,           0.0039191,                   0,             0.93736,             0.94714,             0.96767,             0.87931,            0.013634,           0.0036789,                   0,           0.0048916,           0.0048916,           0.0048916
                 260,            0.010344,           0.0037541,                   0,             0.92586,             0.94851,             0.96777,             0.87339,            0.013634,           0.0036687,                   0,           0.0048718,           0.0048718,           0.0048718
                 261,            0.011134,           0.0038955,                   0,             0.90886,             0.97468,             0.96513,             0.87311,            0.013308,           0.0035814,                   0,            0.004852,            0.004852,            0.004852
                 262,            0.010181,           0.0038424,                   0,             0.90446,             0.95874,             0.96376,             0.86743,            0.013373,           0.0036001,                   0,           0.0048322,           0.0048322,           0.0048322
                 263,            0.010046,           0.0035321,                   0,             0.92652,             0.95776,              0.9652,             0.87162,            0.013277,           0.0034911,                   0,           0.0048124,           0.0048124,           0.0048124
                 264,             0.01207,           0.0043385,                   0,             0.91557,              0.9609,             0.96094,             0.85807,            0.013435,            0.003622,                   0,           0.0047926,           0.0047926,           0.0047926
                 265,            0.010663,           0.0035495,                   0,             0.94484,             0.94937,             0.95971,             0.86024,            0.013413,           0.0036075,                   0,           0.0047728,           0.0047728,           0.0047728
                 266,            0.010541,           0.0039044,                   0,             0.94934,             0.94893,             0.95999,             0.86113,            0.013633,           0.0035689,                   0,            0.004753,            0.004753,            0.004753
                 267,            0.010049,           0.0040797,                   0,             0.92316,             0.96203,              0.9633,             0.86412,            0.013399,           0.0034836,                   0,           0.0047332,           0.0047332,           0.0047332
                 268,            0.010563,           0.0034559,                   0,              0.9487,             0.93639,             0.96339,             0.85235,            0.013343,            0.003355,                   0,           0.0047134,           0.0047134,           0.0047134
                 269,            0.010484,            0.003793,                   0,             0.91658,             0.97361,             0.96379,             0.86079,            0.013013,           0.0032377,                   0,           0.0046936,           0.0046936,           0.0046936
                 270,           0.0098368,           0.0037042,                   0,             0.90364,             0.97468,             0.96573,             0.86819,            0.013185,           0.0031736,                   0,           0.0046738,           0.0046738,           0.0046738
                 271,            0.010856,           0.0038378,                   0,             0.90664,             0.98347,             0.97093,             0.86965,            0.013236,           0.0032729,                   0,            0.004654,            0.004654,            0.004654
                 272,            0.010093,           0.0039458,                   0,             0.91391,             0.98734,             0.97154,             0.87726,            0.013143,           0.0033262,                   0,           0.0046342,           0.0046342,           0.0046342
                 273,            0.010521,            0.003795,                   0,             0.92753,             0.97206,             0.97073,             0.87128,            0.013109,           0.0032305,                   0,           0.0046144,           0.0046144,           0.0046144
                 274,            0.010372,           0.0037303,                   0,             0.94989,             0.96203,             0.97187,             0.86899,            0.013519,           0.0032308,                   0,           0.0045946,           0.0045946,           0.0045946
                 275,            0.010403,           0.0038739,                   0,             0.94716,             0.96203,             0.96995,              0.8696,            0.013111,           0.0032771,                   0,           0.0045748,           0.0045748,           0.0045748
